prefecture,city,number,address,name,lat,long,note
千葉県,松戸市,1-1,小根本1-1,松戸市役所（駐車場入口）,35.787151,139.903305,緯度経度は怪しい
千葉県,松戸市,1-2,竹ケ花74-4,中央保健福祉センター棟込み,35.7894829,139.9041053,
千葉県,松戸市,1-3,岩瀬606-1地先,聖徳大学3号館前（西側市道沿い）,35.783279,139.905365,緯度経度は怪しい
千葉県,松戸市,1-4,小根本94-2,小根本公園（南側）,35.7871908,139.9066958,
千葉県,松戸市,1-5,吉井町5,つくし公園（西側）,35.7902512,139.9069012,
千葉県,松戸市,1-6,松戸1224-1,松戸駅出口歩行者用デッキ,35.784859,139.901047,緯度経度は怪しい
千葉県,松戸市,1-7,岩瀬38-3,岩瀬住吉公園フェンス,35.78561,139.904022,緯度経度は怪しい
千葉県,松戸市,1-8,岩瀬150-1地先,花膳駐車場敷地横（岩瀬交差点付近）,35.784954,139.908905,緯度経度は怪しい
千葉県,松戸市,1-9,岩瀬550,第一中学校（正門横）,35.7844614,139.904251,
千葉県,松戸市,2-1,岩瀬434-2,相模台小学校（正門横）,35.783279,139.905365,緯度経度は怪しい
千葉県,松戸市,2-2,岩瀬487-1地先,松戸中央公園東側,35.7826194,139.9035263,
千葉県,松戸市,2-3,岩瀬487-1地先,松戸中央公園内庭球場西側,35.7826194,139.9035263,
千葉県,松戸市,2-4,岩瀬637-5地先,masked,35.781567,139.904984,緯度経度は怪しい
千葉県,松戸市,2-5,岩瀬620,旭ヶ丘第3公園（東側）,35.779556,139.909866,緯度経度は怪しい
千葉県,松戸市,2-7,岩瀬487-1地先,松戸中央公園南側通路ガードレール（裁判所向前）,35.7826194,139.9035263,
千葉県,松戸市,2-8,岩瀬487-1地先,松戸中央公園南側通路ガードレール（裁判所向前）,35.7826194,139.9035263,
千葉県,松戸市,3-1,松戸1389-1,松戸市民会館前棟込み,35.7810597,139.9003469,
千葉県,松戸市,3-2,松戸714-8,戸定駐車場（東道路側）,35.778254,139.8994997,
千葉県,松戸市,3-3,松戸638-1,戸定が丘歴史公園（西側道路沿い）,35.7767735,139.8990549,
千葉県,松戸市,3-4,松戸1409地先,デザイン工房工門向歩道橋下フェンス,35.78157540000001,139.8998866,
千葉県,松戸市,3-5,松戸1013-1地先,松戸3丁目公園内,35.7784712,139.904282,
千葉県,松戸市,3-6,岩瀬437-2地先,塚田公園フェンス,35.780781,139.904358,緯度経度は怪しい
千葉県,松戸市,3-7,松戸2290,旭ヶ丘第2公園（西側庭段横）,35.778515,139.90715,緯度経度は怪しい
千葉県,松戸市,3-8,松戸2290,旭ヶ丘第2公園（東側）,35.778515,139.90715,緯度経度は怪しい
千葉県,松戸市,4-1,二十世紀ヶ丘美野里町160,美野里公園（西側）,35.7736389,139.9091429,
千葉県,松戸市,4-2,松戸2275,旭ヶ丘第1公園（東側）,35.7757,139.907394,緯度経度は怪しい
千葉県,松戸市,4-3,二十世紀ヶ丘美野里町160,masked,35.7736389,139.9091429,
千葉県,松戸市,4-4,二十世紀ヶ丘美野里町218地先,月極吉岡駐車場フェンス,35.773948,139.9107767,
千葉県,松戸市,4-5,松戸869-17,浮ヶ谷ゴルフ練習場（東側）,35.7761325,139.9084278,
千葉県,松戸市,4-6,松戸916-18,浮ヶ谷ゴルフ練習場駐車場（駐車場出入口横）,35.7768441,139.9102495,
千葉県,松戸市,4-7,松戸2275,旭ヶ丘第1公園（西側）,35.7757,139.907394,緯度経度は怪しい
千葉県,松戸市,5-1,野菊野6,野菊野団地6号棟北側（県道沿い）,35.7796005,139.9132461,
千葉県,松戸市,5-2,胡録台266-1地先,野菊野アーキバ門前ガードレール,35.7803321,139.9131958,
千葉県,松戸市,5-3,野菊野2,野菊野団地2号棟（市道沿い）,35.779578,139.9148074,
千葉県,松戸市,5-4,胡録台252地先,扁形公園フェンス,35.7816123,139.9135546,
千葉県,松戸市,5-5,松戸新田3-57地先,フィオルの丘バス停向側道路植込み,35.7754552,139.9141761,
千葉県,松戸市,5-6,松戸新田1-1地先,陣ヶ前公園内フェンス,35.7753412,139.9131649,
千葉県,松戸市,5-7,松戸新田51-1,オートバックス松戸店駐車場横緑地帯,35.785995,139.917679,緯度経度は怪しい
千葉県,松戸市,5-8,野菊野2,野菊野団地公園広場内（2号棟西側）,35.779578,139.9148074,
千葉県,松戸市,6-1,和名ケ谷1093,和名ケ谷小学校東側(正門横),35.777576,139.923737,緯度経度は怪しい
千葉県,松戸市,6-2,和名ケ谷1104地先,和名ケ谷小学校北側ガードフェンス,35.7786931,139.9232652,
千葉県,松戸市,6-3,和名ケ谷1014-3、1035-3,和名ケ谷橋樋,35.779541,139.921768,緯度経度は怪しい
千葉県,松戸市,6-4,和名ケ谷1256地先,masked,35.7748252,139.9229946,
千葉県,松戸市,6-5,和名ケ谷1349-2,和名ケ谷スポーツセンター(東側道路沿い),35.7758317,139.9185907,
千葉県,松戸市,6-6,和名ケ谷1349-2,和名ケ谷クリーンセンター(南側),35.7758317,139.9185907,
千葉県,松戸市,6-7,和名ケ谷1398-2,和名ケ谷中学校西側(湯浅商店向前),35.77637680000001,139.9159784,
千葉県,松戸市,6-8,和名ケ谷685地先,ファミリーマート梅ヶ丘店,35.7742157,139.9300317,
千葉県,松戸市,7-1,総合2丁目36-1,総合小学校東側(正門横),35.787666,139.903198,緯度経度は怪しい
千葉県,松戸市,7-2,総合2丁目36-1,総合小学校(西側),35.787666,139.903198,緯度経度は怪しい
千葉県,松戸市,7-3,総合2丁目36-1,総合小学校(東側),35.787666,139.903198,緯度経度は怪しい
千葉県,松戸市,7-4,総合2丁目21-16,総合公園(東側),35.7876663,139.9033248,
千葉県,松戸市,7-5,総合2丁目21-16,総合公園(北側),35.7876663,139.9033248,
千葉県,松戸市,7-6,総合5丁目4-4,レナサンス柏町北理工門横(太陽公園バス停横),35.7876663,139.9033248,
千葉県,松戸市,7-7,総合1丁目39-13,総合子供の遊び場(南側フェンス),35.7876663,139.9033248,
千葉県,松戸市,7-8,総合5丁目8,ネットトヨタ千葉(株)松戸稔台店脇防火水槽前,35.7876663,139.9033248,
千葉県,松戸市,8-1,松谷1丁目30-1,エコスTAIRAYAみのり台店舗横込み,35.778336,139.903015,緯度経度は怪しい
千葉県,松戸市,8-2,松戸新田449-1,masked,35.7896583,139.9244353,
千葉県,松戸市,8-3,総合7丁目22-3,masked,35.7876663,139.9033248,
千葉県,松戸市,8-4,松戸新田436-1,DCM東フエンス,35.7903264,139.9280967,
千葉県,松戸市,8-5,松戸新田436-1,DCM駐車場フェンス,35.7903264,139.9280967,
千葉県,松戸市,8-6,総合6丁目1-10,吉野工業所松戸工場出口門横,35.787666,139.903198,緯度経度は怪しい
千葉県,松戸市,8-7,総合6丁目4-41地先,協立機電工業㈱前バス停横,35.7876663,139.9033248,
千葉県,松戸市,8-8,総合6丁目4-33地先,高橋金属㈱前(バス停付近),35.7876663,139.9033248,
千葉県,松戸市,9-1,上本郷443-4,松戸運動公園(寒風台小学校入口向前),35.7992784,139.909799,
千葉県,松戸市,9-2,上本郷443-4,松戸運動公園(寒風台小学校側),35.7992784,139.909799,
千葉県,松戸市,9-3,松戸新田316-50,寒風台踏切横,35.7949879,139.9273694,
千葉県,松戸市,9-4,松戸新田348,masked,35.785995,139.917679,緯度経度は怪しい
千葉県,松戸市,9-5,松戸新田352-2,八気台保育園付近道路沿い,35.793847,139.9297885,
千葉県,松戸市,9-6,千駄堀1341,松戸市立寒野中学校歩道橋横フェンス,35.79697730000001,139.9303253,
千葉県,松戸市,9-7,上本郷443-4,松戸運動公園(東側),35.7992784,139.909799,
千葉県,松戸市,10-1,旭町1丁目20-2,旭町小学校西側(正門横),35.8147054,139.9014431,
千葉県,松戸市,10-2,西馬橋5丁目157地先,坂川沿い歩道橋込み(馬橋旭大橋南側),35.8134273,139.9053001,
千葉県,松戸市,10-3,西馬橋5丁目259,虹の街こどもの遊び場(北側),35.8134273,139.9053001,
千葉県,松戸市,10-4,西馬橋4丁目9,はすだ公園(西側),35.81686550000001,139.9056704,
千葉県,松戸市,10-5,西馬橋4丁目308地先,三村新町バス停付近フェンス,35.8163435,139.9064916,
千葉県,松戸市,10-6,主水新田518-2,まこも池親地東側線地帯,35.8208078,139.8950539,
千葉県,松戸市,10-7,旭町3丁目845地先,masked,35.8211975,139.9016238,
千葉県,松戸市,11-1,松戸新田159,松ケ丘小学校(正門横),35.7859859,139.9155378,
千葉県,松戸市,11-2,松戸新田159,松ケ丘小学校(裏門横),35.7859859,139.9155378,
千葉県,松戸市,11-3,緑ケ丘2丁目378,緑ケ丘第2公園(北側),35.7878362,139.9152278,
千葉県,松戸市,11-4,松戸新田533-1,masked,35.7856646,139.9182487,
千葉県,松戸市,11-5,仲井町2丁目31-1地先,上本郷駅前ロータリー,35.7894345,139.9170089,
千葉県,松戸市,11-6,緑ケ丘1丁目90,緑ケ丘第1公園(西側),35.7867791,139.9104238,
千葉県,松戸市,11-7,胡録台168-14,masked,35.7834936,139.9125248,
千葉県,松戸市,11-8,和名ケ谷994-1,吉浜商店雑地,35.7816665,139.9193929,
千葉県,松戸市,12-1,上本郷2727-1,上本郷第二小学校(西側),35.7922744,139.9148875,
千葉県,松戸市,12-2,仲井町1丁目125地先,ベルシエ壱番館前コープパイプ,35.789768,139.920532,緯度経度は怪しい
千葉県,松戸市,12-3,南花島1丁目7番地の9地先,ルモンド松戸向前水路フェンス,35.7942007,139.9107214,
千葉県,松戸市,12-4,南花島1丁目13,南花島公園(北側),35.7922974,139.9120251,
千葉県,松戸市,12-5,南花島3丁目49,四ツ久保公園(東側),35.7895866,139.9117048,
千葉県,松戸市,12-6,南花島2丁目28-1,下秋公園(南側),35.7939491,139.9092544,
千葉県,松戸市,12-7,仲井町1丁目82,北仲町公園内植込み,35.7897228,139.9206727,
千葉県,松戸市,12-8,南花島1丁目4-8地先,ファミール松戸グランデージ2裏水路フェンス,35.7924809,139.9108762,
千葉県,松戸市,13-1,上本郷4434,松戸運動公園武道館前,35.7965788,139.9262432,
千葉県,松戸市,13-2,上本郷4434,松戸運動公園北側(相撲場付近),35.7965788,139.9262432,
千葉県,松戸市,13-3,上本郷4434,masked,35.7965788,139.9262432,
千葉県,松戸市,13-4,上本郷3766地先,運動公園南東歩道町グリーンベルト,35.7966756,139.9219897,
千葉県,松戸市,13-5,上本郷4221,新堀公園(南側),35.7946282,139.922064,
千葉県,松戸市,13-6,上本郷4434,松戸運動公園北側入口横(運動公園バス停向前),35.7965788,139.9262432,
千葉県,松戸市,13-7,上本郷1469地先,アパートエトワールB向前水路フェンス,35.7952697,139.9187509,
千葉県,松戸市,14-1,上本郷3620,上本郷小学校西側(正門横),35.7985797,139.9186449,
千葉県,松戸市,14-2,上本郷3885,masked,35.7976379,139.9199537,
千葉県,松戸市,14-3,北松戸2丁目17,北之台公園(東側),35.7998896,139.9152278,
千葉県,松戸市,14-4,北松戸3丁目3,仲台公園(南側),35.8018672,139.9158683,
千葉県,松戸市,14-5,上本郷3504地先,ベルピア北松戸1-2東側道路ガードレール,35.8011104,139.9191425,
千葉県,松戸市,14-6,上本郷4005,ヤオコー松戸上本郷店前グリーンベルト内,35.7960262,139.9192106,
千葉県,松戸市,14-7,上本郷3620,上本郷小学校(南側),35.7985797,139.9186449,
千葉県,松戸市,14-8,上本郷3620,上本郷小学校(東側),35.7985797,139.9186449,
千葉県,松戸市,15-1,上本郷2314,上本郷第一会館北側土手,35.7965214,139.9116038,
千葉県,松戸市,15-2,上本郷2823,前田公園(北側),35.794838,139.914139,緯度経度は怪しい
千葉県,松戸市,15-3,上本郷3310,花之台公園(南側),35.796059,139.916016,緯度経度は怪しい
千葉県,松戸市,15-4,"上本郷2087, 2096",明治神社東側植込み,35.796978,139.915405,緯度経度は怪しい
千葉県,松戸市,15-5,"上本郷395-1, 397-1",北松戸児童公園,35.7985,139.910202,緯度経度は怪しい
千葉県,松戸市,15-6,上本郷910地先,ライフケアメモリーブレイス斜向前ガードレール,35.8012203,139.9125297,
千葉県,松戸市,15-7,上本郷3310,花之台公園(西側),35.796059,139.916016,緯度経度は怪しい
千葉県,松戸市,16-1,栄町4丁目253,ジュネスVOL.A棟北側フェンス,35.8051937,139.9037794,
千葉県,松戸市,16-2,栄町2公園(個人宅前),nan,35.8068595,139.9046597,
千葉県,松戸市,16-3,栄町3丁目192地先,第一貨物松戸物流センター向前水路フェンス,35.8041332,139.9069855,
千葉県,松戸市,16-4,栄町2丁目91-1地先,センスイ理容室向前水路フェンス,35.8006236,139.9033881,
千葉県,松戸市,16-5,上本郷620-1,合同酒精松山(競輪場入場券発売所斜向前),35.8024171,139.9106739,
千葉県,松戸市,16-6,上本郷855地先,三斗時緑地(競輪場前歩道橋横),35.8013204,139.9113364,
千葉県,松戸市,16-7,上本郷923,JR北松戸駅西口跨線人道橋下(北松戸公衆便所横),35.8017017,139.9120021,
千葉県,松戸市,17-1,栄町8丁目627,masked,35.8101382,139.904744,
千葉県,松戸市,17-2,栄町8丁目590-2地先,masked,35.8092159,139.9064509,
千葉県,松戸市,17-3,栄町8丁目688地先,masked,35.8112228,139.9073644,
千葉県,松戸市,17-4,栄町8丁目726地先,masked,35.8122095,139.9055406,
千葉県,松戸市,17-5,栄町8丁目714-5地先,うえの商店向前水路フェンス,35.8129443,139.9024082,
千葉県,松戸市,17-6,栄町7丁目533-11地先,masked,35.8090973,139.9103093,
千葉県,松戸市,17-7,栄町8-606、607-2,masked,35.8111321,139.9053001,
千葉県,松戸市,18-1,古ケ崎4丁目3620-1,古ケ崎小学校東側(正門横),35.80697809999999,139.8987181,
千葉県,松戸市,18-2,古ケ崎4丁目3621-1地先,古ケ崎小学校西側水路フェンス,35.8062537,139.8991262,
千葉県,松戸市,18-3,栄町2丁目870-1地先,masked,35.8010242,139.903699,
千葉県,松戸市,18-4,栄町2丁目870-1,日本大学松戸歯学部(北側),35.8010242,139.903699,
千葉県,松戸市,18-5,栄町5丁目275地先,マルエツ栄町西側水路フェンス,35.8055412,139.9050743,
千葉県,松戸市,18-6,栄町5丁目312-4地先,サンライズB向前水路フェンス,35.80683440000001,139.9055427,
千葉県,松戸市,18-7,古ケ崎4丁目3620-1,古ケ崎小学校(北側),35.80697809999999,139.8987181,
千葉県,松戸市,18-8,栄町6丁目461-1,masked,35.8078447,139.9096324,
千葉県,松戸市,19-1,古ケ崎2569-2,古ケ崎中学校西側(正門横),35.8052186,139.8934825,
千葉県,松戸市,19-2,古ケ崎2515-1,古ケ崎中学校東側(県道沿い),35.8048569,139.8938133,
千葉県,松戸市,19-3,栄町5丁目1385地先,masked,35.8071775,139.9040192,
千葉県,松戸市,19-4,古ケ崎2554-54地先,古ケ崎なかよし公園フェンス,35.8057981,139.8940625,
千葉県,松戸市,19-5,栄町5丁目1282地先,masked,35.8071775,139.9040192,
千葉県,松戸市,19-6,栄町5丁目1269地先,masked,35.8071775,139.9040192,
千葉県,松戸市,19-7,栄町4丁目1150-1地先,東葛飾土木事務所資材置場南側フェンス,35.8043705,139.9027384,
千葉県,松戸市,20-1,古ケ崎4丁目3445地先,いしい市民農園向前フェンス,35.8032009,139.9017471,
千葉県,松戸市,20-2,古ケ崎4丁目3512-1地先,masked,35.8048127,139.8995364,
千葉県,松戸市,20-3,古ケ崎3丁目3426-1地先,masked,35.8027169,139.8973652,
千葉県,松戸市,20-4,古ケ崎3丁目3385-1,古ケ崎第2公園(東側),35.8005401,139.898896,
千葉県,松戸市,20-5,古ケ崎3丁目3316地先,masked,35.8004764,139.8970872,
千葉県,松戸市,20-6,古ケ崎3丁目3338,masked,35.8010111,139.9013865,
千葉県,松戸市,20-7,古ケ崎3丁目3391-1,masked,35.8016268,139.9016348,
千葉県,松戸市,21-1,根本213-1,北部小学校(正門横),35.791969,139.902283,緯度経度は怪しい
千葉県,松戸市,21-2,根本154-1,大通公園内植込み,35.7907682,139.8998176,
千葉県,松戸市,21-3,古ケ崎881-5,小僧寿司バス停横フェンス,35.79261109999999,139.8996145,
千葉県,松戸市,21-4,根本217,北部小学校(南側),35.7921393,139.9023782,
千葉県,松戸市,21-5,南花島町318,向町児童公園(南側),35.792557,139.906952,緯度経度は怪しい
千葉県,松戸市,21-6,南花島町251,向町児童公園(西側),35.792557,139.906952,緯度経度は怪しい
千葉県,松戸市,21-7,栄町1丁目50-1地先,JFE鋼板前バス停付近水路フェンス,35.7988659,139.9034156,
千葉県,松戸市,21-8,根本217,北部小学校(北側),35.7921393,139.9023782,
千葉県,松戸市,22-1,古ケ崎1丁目3076,旧古ケ崎南小学校北側(正門横),35.7947539,139.8958143,
千葉県,松戸市,22-2,古ケ崎728,旧古ケ崎南小学校南側(六間川側),35.7941097,139.8957247,
千葉県,松戸市,22-3,古ケ崎2丁目3251,ビールドムス前水路フェンス,35.79506569999999,139.8982897,
千葉県,松戸市,22-4,古ケ崎2丁目3114,Bright Oak前水路フェンス,35.79845299999999,139.8975552,
千葉県,松戸市,22-5,古ケ崎2丁目3169-14地先,masked,35.797009,139.8978454,
千葉県,松戸市,22-6,古ケ崎2丁目3189-11地先,masked,35.7961265,139.9010953,
千葉県,松戸市,22-7,古ケ崎2丁目3137地先,KSマンションフェンス,35.79797,139.899673,緯度経度は怪しい
千葉県,松戸市,22-8,樋野口543,松戸青少年会館樋野口分館入口左側岸,35.7916254,139.8955448,
千葉県,松戸市,23-1,樋野口563,つつみ公園(東側),35.791485,139.896317,緯度経度は怪しい
千葉県,松戸市,23-2,樋野口563,つつみ公園(北側),35.791485,139.896317,緯度経度は怪しい
千葉県,松戸市,23-3,樋野口798-1,太郎公園前,35.790768,139.893066,緯度経度は怪しい
千葉県,松戸市,23-4,樋野口681地先,樋野口公園西側ガードレール,35.7889934,139.8944136,
千葉県,松戸市,23-5,樋野口728-1地先,東葛クリニック病院横駐車場フェンス,35.7902399,139.8941842,
千葉県,松戸市,23-6,古ケ崎812-3,六間川フェンス(地蔵前バス停後側),35.797596,139.891769,緯度経度は怪しい
千葉県,松戸市,24-1,松戸2062,中部小学校西側(裏門横),35.7856646,139.8954568,
千葉県,松戸市,24-2,松戸2062,中部小学校東側(正門横),35.7856646,139.8954568,
千葉県,松戸市,24-3,本町12地先,坂川フェンス(一平橋付近),35.785204,139.8985758,
千葉県,松戸市,24-4,根本10地先,坂川フェンス(ウィステリア松戸向前),35.787697,139.898895,緯度経度は怪しい
千葉県,松戸市,24-5,根本1,西口公園(西側),35.7867077,139.9003869,
千葉県,松戸市,24-6,本町24-3,松戸駅西口デッキ,35.7845134,139.8999416,
千葉県,松戸市,24-7,本町9番地先,坂川フェンス(コーポ東陽向前),35.784645,139.896454,緯度経度は怪しい
千葉県,松戸市,24-8,根本1,西口公園(東側),35.7867077,139.9003869,
千葉県,松戸市,25-1,松戸1756地先,masked,35.7803439,139.8963401,
千葉県,松戸市,25-2,松戸1424地先,坂川農業(坂川倶楽部伊勢野臨時駐車場向前),35.7782882,139.902098,
千葉県,松戸市,25-3,松戸1307-1地先,松戸ビル前歩道橋下フェンス,35.78214,139.8988308,
千葉県,松戸市,25-4,松戸1756地先,松戸警察署ユーカリ院前ガードレール,35.7803439,139.8963401,
千葉県,松戸市,25-5,松戸1459-1地先,陣屋口橋近ガードレール,35.780195,139.8977554,
千葉県,松戸市,25-6,松戸1509地先,不動橋横ガードレール,35.779247,139.897629,緯度経度は怪しい
千葉県,松戸市,26-1,小山148,南部小学校(東側),35.7747447,139.8937918,
千葉県,松戸市,26-2,小山320-3地先,masked,35.7758102,139.8921338,
千葉県,松戸市,26-3,小山523-12,masked,35.7725892,139.8934985,
千葉県,松戸市,26-4,小山368地先,木川染色前バス停前歩道,35.7750378,139.8903592,
千葉県,松戸市,26-5,小山301地先,坂川護岸(小山橋付近),35.7774034,139.8950129,
千葉県,松戸市,26-6,小山148,南部小学校正門横,35.7747447,139.8937918,
千葉県,松戸市,26-7,小山183地先,小山ボンプ場西側フェンス,35.7744002,139.892893,
千葉県,松戸市,27-1,上矢切1133-33,猫田公園,35.7703935,139.8902647,
千葉県,松戸市,27-2,上矢切1458-2地先,masked,35.7719852,139.8864772,
千葉県,松戸市,27-3,上矢切1097-1地先,masked,35.771694,139.890671,緯度経度は怪しい
千葉県,松戸市,27-4,上矢切1646地先,masked,35.769764,139.885574,緯度経度は怪しい
千葉県,松戸市,27-5,上矢切1234-2地先,坂川親水広場内北側駐輪場横,35.7685805,139.8892912,
千葉県,松戸市,27-6,上矢切1302地先,masked,35.7685805,139.8892912,
千葉県,松戸市,27-7,中矢切54,県立矢切特別支援学校北側フェンス,35.7655905,139.8874425,
千葉県,松戸市,28-1,小山669-2,第二中学校(正門横),35.7721148,139.89768,
千葉県,松戸市,28-2,小山664-1,浅間神社(西側),35.773832,139.8975653,
千葉県,松戸市,28-3,松戸1638-1地先,ウインベルコーユラ松戸No.5前水路フェンス,35.7736564,139.8990767,
千葉県,松戸市,28-4,松戸629-3,千葉大学附属病院,35.775429,139.8983,緯度経度は怪しい
千葉県,松戸市,28-5,小山705-9,まめぐちく公園,35.7711358,139.8977844,
千葉県,松戸市,28-6,上矢切299-1,松戸市総合福祉会館前(バス停後ろ植込み),35.7692017,139.8974519,
千葉県,松戸市,28-7,小山609地先,国道6号線松戸二中交差点付近西側ガードレール,35.772465,139.896667,緯度経度は怪しい
千葉県,松戸市,29-1,中矢切539,矢切小学校(南側),35.7648182,139.8899315,
千葉県,松戸市,29-2,中矢切599地先,高千穂社前ガードレール,35.7632837,139.8982088,
千葉県,松戸市,29-3,中矢切543-1地先,矢切小学校東側擁壁下ガードレール,35.7631727,139.8976003,
千葉県,松戸市,29-4,下矢切553、599,masked,35.7615506,139.8946336,
千葉県,松戸市,29-5,中矢切530地先,masked,35.7636155,139.8958719,
千葉県,松戸市,29-6,下矢切750,masked,35.760159,139.893005,緯度経度は怪しい
千葉県,松戸市,29-7,上矢切469,masked,35.767452,139.893936,緯度経度は怪しい
千葉県,松戸市,30-1,下矢切132-2地先,矢切駅第一自転車駐車場,35.7579813,139.8997846,
千葉県,松戸市,30-2,下矢切127,立身台公園(南側),35.7587374,139.9008822,
千葉県,松戸市,30-3,栗山121-18,北総公園道路沿いフェンス,35.7567037,139.8982245,
千葉県,松戸市,30-4,下矢切127,立身台公園(東側),35.7587374,139.9008822,
千葉県,松戸市,30-5,下矢切180-1,masked,35.7585744,139.8958484,
千葉県,松戸市,30-6,下矢切294-1,masked,35.7601628,139.8979629,
千葉県,松戸市,30-7,栗山83-1,イワサレジデンス東側駐車場向い畑,35.754475,139.898392,緯度経度は怪しい
千葉県,松戸市,31-1,三矢小台3丁目11-12,三矢小台2号緑地（西側）,35.7665029,139.9013389,
千葉県,松戸市,31-2,三矢小台3丁目20,寺沢公園（西側）,35.7658184,139.9017778,
千葉県,松戸市,31-3,三矢小台4丁目21,滝之台公園（西側）,35.7677963,139.9024182,
千葉県,松戸市,31-4,三矢小台2丁目18,三矢小台公園（東側）,35.7643179,139.9001768,
千葉県,松戸市,31-5,下矢切37番地先,東台公園西側（主要地方道市川・松戸線沿い）フェンス,35.7617843,139.8993833,
千葉県,松戸市,31-6,三矢小台1丁目13,長作児童遊園（東側）,35.7609698,139.9011374,
千葉県,松戸市,31-7,三矢小台3丁目20,寺沢公園（南側）,35.7658184,139.9017778,
千葉県,松戸市,32-1,二十世紀が丘柿ノ木町111,柿ノ木台小学校（西側）,35.771629,139.904831,緯度経度は怪しい
千葉県,松戸市,32-2,二十世紀が丘柿ノ木町111,柿ノ木台小学校（東側）,35.771629,139.904831,緯度経度は怪しい
千葉県,松戸市,32-3,三矢小台5丁目27,新荘公園（南側）,35.771412,139.902267,緯度経度は怪しい
千葉県,松戸市,32-4,三矢小台5丁目28,川坪公園（西側）,35.770985,139.9017778,
千葉県,松戸市,32-5,二十世紀が丘柿ノ木町99,柿ノ木台公園（南側）,35.772099,139.903061,緯度経度は怪しい
千葉県,松戸市,32-6,二十世紀が丘萩町18番地先,クリエイト前緑地帯,35.7691715,139.906581,
千葉県,松戸市,32-7,松戸159-1,masked,35.7739557,139.9036838,
千葉県,松戸市,32-8,二十世紀が丘萩町38,いちご公園（北側）,35.7691715,139.906581,
千葉県,松戸市,33-1,二十世紀が丘梨元町35,大橋小学校（東側）,35.7708213,139.9157054,
千葉県,松戸市,33-2,二十世紀が丘山町24,二十世紀公園（東側）,35.772003,139.904877,緯度経度は怪しい
千葉県,松戸市,33-3,二十世紀が丘丸山町41地先,二十世紀が丘バス停横緑地帯,35.7702772,139.9116262,
千葉県,松戸市,33-4,二十世紀が丘山町16,masked,35.7711882,139.9152278,
千葉県,松戸市,33-5,大橋63-2,masked,35.767342,139.921631,緯度経度は怪しい
千葉県,松戸市,33-6,大橋650-9地先,(有)岡藤発柿作所前ガードレール,35.7660704,139.9159584,
千葉県,松戸市,33-7,二十世紀が丘丸山町8地先,ソフトバンク二十世紀が丘店向前グリーンベルト,35.770069,139.9117048,
千葉県,松戸市,34-1,秋山240,秋山集会所北側,35.7624558,139.9276809,
千葉県,松戸市,34-2,秋山1-6地先,こすもす公園（北側）,35.763145,139.930817,緯度経度は怪しい
千葉県,松戸市,34-3,秋山600-1地先,光英VERITAS中学校・高校東側市道沿いガードレール,35.759518,139.923187,緯度経度は怪しい
千葉県,松戸市,34-4,秋山600-4,聖徳学園バス停横フェンス,35.759518,139.923187,緯度経度は怪しい
千葉県,松戸市,34-5,秋山694,県立松戸向陽高校（東側）,35.765697,139.924179,緯度経度は怪しい
千葉県,松戸市,34-6,秋山1-437-57,もみじ公園（北側）,35.7644711,139.9273521,
千葉県,松戸市,34-7,秋山373-71,天然公園（西側）,35.760578,139.9263,緯度経度は怪しい
千葉県,松戸市,35-1,高塚新田512-5地先,梨香台ショッピングプラザ向前歩道横,35.7576784,139.9354835,
千葉県,松戸市,35-2,高塚新田512-82,梨香台小学校北側（正門横）,35.7566846,139.9345393,
千葉県,松戸市,35-3,高塚新田518-13,梨香台団地入口付近車場前ガードレール,35.7581019,139.9325422,
千葉県,松戸市,35-4,高塚新田453-1,NTT東日本松戸局裏北側道路沿い,35.7628075,139.9349679,
千葉県,松戸市,35-5,高塚新田562-2,セイコーインスツル松高営業所（南側市道沿い）,35.755066,139.934723,緯度経度は怪しい
千葉県,松戸市,35-6,高塚新田600-2,masked,35.7503998,139.9371933,
千葉県,松戸市,35-7,高塚新田494-15,団地中央バス停専広場,35.7580263,139.9336751,
千葉県,松戸市,36-1,高塚新田123-6,高塚団地集会所入口横フェンス,35.756802,139.942917,緯度経度は怪しい
千葉県,松戸市,36-2,高塚新田123-3,高塚団地1-1号棟前緑地帯,35.756802,139.942917,緯度経度は怪しい
千葉県,松戸市,36-3,高塚町204地先,八町町分団（植え込み）,35.758316,139.937531,緯度経度は怪しい
千葉県,松戸市,36-4,高塚新田320-4,梨香台ゴルフガーデン西側緑地帯,35.761406,139.938095,緯度経度は怪しい
千葉県,松戸市,36-5,高塚新田折247-14,赤作公団内植込み,35.7581546,139.9379715,
千葉県,松戸市,36-6,紙敷861-1,銀のさら市川大野店向い,35.76227650000001,139.9461311,
千葉県,松戸市,36-7,高塚新田160,高塚新田こどもの遊び場（県道高架橋下）,35.7484702,139.9398808,
千葉県,松戸市,36-8,高塚新田383,東部小学校南側（正門横）,35.7679821,139.9309683,
千葉県,松戸市,37-1,紙敷1180地先,旧築池前フェンス,35.769882,139.934296,緯度経度は怪しい
千葉県,松戸市,37-2,高塚新田370-1,ガレージユアサ車置場向前,35.7581546,139.9379715,
千葉県,松戸市,37-3,高塚新田424-2,masked,35.7581546,139.9379715,
千葉県,松戸市,37-4,高塚新田357-1,東部クリーンセンター西側（旧東部支所前）,35.7645,139.937988,緯度経度は怪しい
千葉県,松戸市,37-5,高塚新田427,東部スポーツパークプール裏植込み,35.7641488,139.937611,
千葉県,松戸市,37-6,紙敷1163地先,もえぎの風公園（北側）,35.767673,139.938019,緯度経度は怪しい
千葉県,松戸市,37-7,東松戸2丁目15-1,紙敷一号調整池フェンス（北側）,35.7697728,139.9463071,
千葉県,松戸市,38-1,東松戸4丁目17-1,すすき浦公園（北側）,35.773994,139.940643,緯度経度は怪しい
千葉県,松戸市,38-2,紙敷1138,角丸功商事駐車場フェンス,35.7704477,139.938957,
千葉県,松戸市,38-3,紙敷439-1地先,東松戸駅前ロータリー,35.774734,139.955521,緯度経度は怪しい
千葉県,松戸市,38-4,紙敷429-3,東松戸駅高架下空地フェンス（マルイチ駐車場向前）,35.774734,139.955521,緯度経度は怪しい
千葉県,松戸市,38-5,東松台1丁目21番地付近,東松戸中央公園駐車場,35.772781,139.946136,緯度経度は怪しい
千葉県,松戸市,38-6,紙敷2丁目7-5,市立松戸高校北側（正門横）,35.773293,139.950653,緯度経度は怪しい
千葉県,松戸市,38-7,紙敷2丁目7-5,市立松戸高校西側,35.773293,139.950653,緯度経度は怪しい
千葉県,松戸市,39-1,河原塚51-3,河原塚小学校（北側）,35.7839849,139.9387263,
千葉県,松戸市,39-2,河原塚51-3,河原塚小学校（東側）,35.7839849,139.9387263,
千葉県,松戸市,39-3,稔台2丁目10地先,稔台グリーンベルト,35.7845029,139.9334861,
千葉県,松戸市,39-4,河原塚262-5,近藤工務店向かい,35.7814347,139.9400975,
千葉県,松戸市,39-5,河原塚273-1,咲美台公園（東側）,35.7828596,139.9393736,
千葉県,松戸市,39-6,河原塚165-78,masked,35.7794758,139.9391229,
千葉県,松戸市,39-7,河原塚234-63,河原塚中央公園（東側）,35.7789924,139.9427423,
千葉県,松戸市,39-8,田中新田5-5,masked,35.784383,139.9523509,
千葉県,松戸市,40-1,串崎新町177-57,古和清水公園（東側）,35.776768,139.976379,緯度経度は怪しい
千葉県,松戸市,40-2,串崎町305,串崎公園（西側）,35.776768,139.976379,緯度経度は怪しい
千葉県,松戸市,40-3,串崎町305,串崎公園（北側）,35.776768,139.976379,緯度経度は怪しい
千葉県,松戸市,40-4,松飛台542-1地先,㈱サンデリカ前緑地帯,35.777393,139.969147,緯度経度は怪しい
千葉県,松戸市,40-5,串崎新田204-1,斉藤タイル向道路沿い,35.7766367,139.9779223,
千葉県,松戸市,40-6,紙敷1丁目24,松飛台駅北口ロータリーガードパイプ（バス停横）,35.774734,139.955521,緯度経度は怪しい
千葉県,松戸市,40-7,紙敷1丁目35番地,紙敷調整池フェンス,35.774242,139.956482,緯度経度は怪しい
千葉県,松戸市,40-8,松飛台607-2地先,泉ヶ丘1号緑地東側植込み,35.7753363,139.9657252,
千葉県,松戸市,41-1,松飛台188,マチモニター窓フェンス(松飛台市民センター向前),35.7856195,139.9651662,
千葉県,松戸市,41-2,串崎新田73-2,ビレッジハウスク串崎南台(南側駐車場フェンス),35.7851997,139.9618323,
千葉県,松戸市,41-3,松飛台286-25,中原2号緑地,35.7825191,139.9605728,
千葉県,松戸市,41-4,串崎新田63-1,松戸市北山市民会館道路側フェンス,35.7848935,139.9576233,
千葉県,松戸市,41-5,五香西4丁目22-1,松飛台小学校(南側),35.78716319999999,139.9622063,
千葉県,松戸市,41-6,串崎新田88-6,北里公園(南側),35.7856588,139.9639323,
千葉県,松戸市,41-7,松飛台193-1,ベルクス松飛台店駐車場入口横植込み,35.7854118,139.9678011,
千葉県,松戸市,42-1,松飛台60,松飛台第二小学校北側(正門横),35.789886,139.969116,緯度経度は怪しい
千葉県,松戸市,42-2,松飛台84,松飛台第二小学校(南),35.789886,139.969116,緯度経度は怪しい
千葉県,松戸市,42-3,松飛台77-1,masked,35.7897353,139.9666337,
千葉県,松戸市,42-4,五香六実17地先,主要地方道千葉鎌ケ谷松戸線沿い歩道内ガードパイプ,35.7895009,139.9739574,
千葉県,松戸市,42-5,松飛台字御立場103-51,あさひ公園フェンス,35.782959,139.963333,緯度経度は怪しい
千葉県,松戸市,42-6,松飛台73-2,松飛台公園(東側),35.78901,139.9654216,
千葉県,松戸市,42-7,松飛台84,松飛台第二小学校(西側),35.789886,139.969116,緯度経度は怪しい
千葉県,松戸市,43-1,五香西4丁目22-1,松飛台小学校北側(正門横),35.78716319999999,139.9622063,
千葉県,松戸市,43-2,五香西4丁目22-1,松飛台小学校(東側),35.78716319999999,139.9622063,
千葉県,松戸市,43-3,五香西4丁目39-6,牧野原小学校(正門横),35.787029,139.958008,緯度経度は怪しい
千葉県,松戸市,43-4,牧の原7-243,牧の原団地(2-12号棟東側),35.7899388,139.9581397,
千葉県,松戸市,43-5,五香西3丁目11,元山2号緑地フェンス,35.792351,139.961304,緯度経度は怪しい
千葉県,松戸市,43-6,松飛台73-2,masked,35.78901,139.9654216,
千葉県,松戸市,43-7,五香西4丁目44-1,松飛台保育所(東側),35.7859688,139.9616102,
千葉県,松戸市,44-1,日暮6丁目9,小山台公園(南側),35.7909857,139.9447002,
千葉県,松戸市,44-2,牧の原2丁目100-34,かぶと公園(南側),35.7890943,139.9504181,
千葉県,松戸市,44-3,日暮7丁目1-2,ファミール南常盤平(北側緑地帯),35.7891722,139.9454597,
千葉県,松戸市,44-4,牧の原2丁目134地先,レクセルブラッツァ新八柱(西側),35.7888519,139.9501477,
千葉県,松戸市,44-5,牧の原2丁目9,かかと公園(北側),35.7888519,139.9501477,
千葉県,松戸市,44-6,牧の原2丁目32,masked,35.788807,139.953247,緯度経度は怪しい
千葉県,松戸市,44-7,日暮7丁目1-1,ファミール南常盤平(西側),35.789172,139.9454612,
千葉県,松戸市,45-1,牧の原435-2,牧野原小学校東側(バス停付近),35.7931227,139.9511983,
千葉県,松戸市,45-2,牧の原435-2,牧野原小学校(西側),35.7931227,139.9511983,
千葉県,松戸市,45-3,牧の原435-23,牧の原グラウンド(北側),35.7931227,139.9511983,
千葉県,松戸市,45-4,牧の原2-5地先,牧の原団地(11-13号棟南側緑地),35.7901353,139.9526914,
千葉県,松戸市,45-5,牧の原2-19地先,牧の原団地(1-22号棟北側植込み),35.7892405,139.9528863,
千葉県,松戸市,45-6,牧の原2-65,牧の原団地駐車場北側(ウエルシア薬局向前),35.790416,139.9522562,
千葉県,松戸市,45-7,牧の原2-65地先,牧の原団地(1-19号棟南側緑地),35.790416,139.9522562,
千葉県,松戸市,45-8,五香西6丁目12-10,こもれび公園,35.7897479,139.9552753,
千葉県,松戸市,46-1,常盤平4丁目18,松戸市立常盤平第二小学校,35.79966,139.957504,緯度経度は怪しい
千葉県,松戸市,46-2,常盤平4丁目15,常盤平第二小学校東側駐車場,35.7995124,139.9610444,
千葉県,松戸市,46-3,常盤平4丁目17,常盤平団地(E-22号棟南側フェンス),35.7984175,139.9597774,
千葉県,松戸市,46-4,常盤平5丁目5,やまぶき公園(南側),35.7974081,139.9629675,
千葉県,松戸市,46-5,常盤平4丁目5-1,くぬぎ公園(北側),35.8009507,139.9622197,
千葉県,松戸市,46-6,常盤平5丁目22-3,ヨークプライス五香前植込み,35.795956,139.9618457,
千葉県,松戸市,46-7,常盤平9-1,はなみずき公園(北側),35.801479,139.944183,緯度経度は怪しい
千葉県,松戸市,46-8,常盤平6丁目17-1,しらかし公園(西側),35.7953933,139.9560948,
千葉県,松戸市,47-1,常盤平3丁目30-4,常盤平市民センター入口横植込み,35.7988484,139.9530183,
千葉県,松戸市,47-2,常盤平3丁目27-1,金ケ作公園(南側),35.7989616,139.9562657,
千葉県,松戸市,47-3,常盤平3丁目27-1,金ケ作公園(東側),35.7989616,139.9562657,
千葉県,松戸市,47-4,常盤平3丁目24-2,さつき公園(常盤平サニーハイツ向前),35.8004688,139.9520805,
千葉県,松戸市,47-5,常盤平3丁目22-1,あべりら公園(西側),35.8022008,139.9528138,
千葉県,松戸市,47-6,常盤平3丁目4-1,ふよう公園(西側),35.802339,139.9563473,
千葉県,松戸市,47-7,常盤平7丁目25,常盤平中学校西側(正門横),35.7964457,139.9533524,
千葉県,松戸市,47-8,常盤平7丁目12-1,つばき公園(西側),35.7964457,139.9533524,
千葉県,松戸市,48-1,常盤平7丁目1,松戸市立常盤平第一小学校北側(正門横),35.79771,139.949707,緯度経度は怪しい
千葉県,松戸市,48-2,常盤平7丁目1,松戸市立常盤平第一小学校校門前,35.79771,139.949707,緯度経度は怪しい
千葉県,松戸市,48-3,常盤平双葉町16-5,わかば公園(北側),35.7958972,139.9494162,
千葉県,松戸市,48-4,常盤平2丁目25地点,松戸市立常盤平第一小学校東側緑地,35.8012905,139.948225,
千葉県,松戸市,48-5,常盤平2丁目30-1,さくら公園(北側),35.79901630000001,139.9471127,
千葉県,松戸市,48-6,常盤平2丁目23,松戸市立常盤平第一小学校東側フェンス,35.801399,139.950729,緯度経度は怪しい
千葉県,松戸市,48-7,常盤平2丁目13-3,こでまり公園(南側),35.8015508,139.9459122,
千葉県,松戸市,48-8,常盤平2丁目22,しょうぶ公園(北側),35.8012905,139.948225,
千葉県,松戸市,49-1,常盤平西町25-1,松戸市立常盤平第三小学校(正門横),35.797218,139.943542,緯度経度は怪しい
千葉県,松戸市,49-2,常盤平南町13,カンナ公園(西側),35.801479,139.944183,緯度経度は怪しい
千葉県,松戸市,49-3,常盤平松飛台1-1,常盤平久保公園(西側),35.795303,139.945511,緯度経度は怪しい
千葉県,松戸市,49-4,常盤平松葉町1-3,常盤平衛生処理場(常盤平会館横フェンス),35.7958945,139.9460572,
千葉県,松戸市,49-5,常盤平西町12,さるびあ公園(西側),35.797218,139.943542,緯度経度は怪しい
千葉県,松戸市,49-6,"常盤平初富町21-6,21-7",初富こどもの遊び場(西側),35.801479,139.944183,緯度経度は怪しい
千葉県,松戸市,49-7,常盤平西町25-1,松戸市立常盤平第三小学校(西側),35.797218,139.943542,緯度経度は怪しい
千葉県,松戸市,50-1,日暮5丁目227,宮前公園(南側),35.790058,139.939636,緯度経度は怪しい
千葉県,松戸市,50-2,日暮5丁目110番地,masked,35.7900623,139.9412156,
千葉県,松戸市,50-3,日暮4丁目5-2,八柱保育所(東側),35.787939,139.9387697,
千葉県,松戸市,50-4,日暮4丁目6,日暮公園(西側),35.7865479,139.9386123,
千葉県,松戸市,50-5,日暮5丁目249,内澤公園(西側ガードレール),35.7867822,139.9402343,
千葉県,松戸市,50-6,日暮4丁目10地点,masked,35.7865479,139.9386123,
千葉県,松戸市,50-7,日暮1丁目4-3,八柱駅南ロータリー(市道側),35.7911602,139.9379053,
千葉県,松戸市,51-1,日暮2丁目4-4,八柱駅北口ロータリー（駅舎側）,35.7918593,139.9375183,
千葉県,松戸市,51-2,千駄堀1506-19,駒形第2公園（北側植込み）,35.7914091,139.9335212,
千葉県,松戸市,51-3,千駄堀1507-63地先,千駄堀防災公園（東側）,35.7919357,139.9322303,
千葉県,松戸市,51-4,千駄堀813-1,林珠算学園横道,35.7955873,139.9367685,
千葉県,松戸市,51-5,日暮1丁目9,門前公園（西側）,35.792107,139.941666,緯度経度は怪しい
千葉県,松戸市,51-6,金ケ作64-5,栄の記念碑横,35.7969004,139.940057,
千葉県,松戸市,51-7,日暮2丁目5番地,八柱駅第3自転車駐車場フェンス,35.7912666,139.9360492,
千葉県,松戸市,51-8,金ケ作43-24,金ケ作陣屋前緑地（西側）,35.7952118,139.9382732,
千葉県,松戸市,52-1,千駄堀961番地,番取神社入口横,35.8014716,139.9341769,
千葉県,松戸市,52-2,八ケ崎5丁目32-35地先,21世紀の森と広場駐車場フェンス,35.8062694,139.9346525,
千葉県,松戸市,52-3,千駄堀269番地,21世紀の森と広場管理事務所前フェンス,35.805553,139.938675,緯度経度は怪しい
千葉県,松戸市,52-4,千駄堀1682地先,いちょう通りグリーンベルト（千駄堀口バス停前）,35.798977,139.926971,緯度経度は怪しい
千葉県,松戸市,52-5,千駄堀1335-1,第六中学校（西側）,35.797306,139.930099,緯度経度は怪しい
千葉県,松戸市,52-6,千駄堀749地先,旧(公財)松戸みどりと花の基金事務所,35.799328,139.934204,緯度経度は怪しい
千葉県,松戸市,52-7,千駄堀1565地先,いちょう通りグリーンベルト（セブンイレブン向）,35.8016183,139.9298078,
千葉県,松戸市,53-1,金ケ作119-1,高木小学校（正門横）,35.807358,139.944138,緯度経度は怪しい
千葉県,松戸市,53-2,金ケ作120-12,高木小学校（西側）,35.8073028,139.9437789,
千葉県,松戸市,53-3,金ケ作228-2,masked,35.8083985,139.9479822,
千葉県,松戸市,53-4,千駄堀455-35地先,21世紀の森と広場北口駐車場フェンス,35.805553,139.938675,緯度経度は怪しい
千葉県,松戸市,53-5,千駄堀671地先,21世紀の森と広場中央口横フェンス（市立博物館向前）,35.8008931,139.9394934,
千葉県,松戸市,53-6,千駄堀651地先,21世紀の森と広場第2駐車場フェンス,35.7985775,139.941502,
千葉県,松戸市,53-7,千駄堀263地先,21世紀の森と広場西口先フェンス,35.8047265,139.9365798,
千葉県,松戸市,54-1,金ケ作366-3,金ケ作自治会館横フェンス（道路沿い）,35.805512,139.9497937,
千葉県,松戸市,54-2,常盤平1-31,常盤平駅北口第3自転車駐車場フェンス,35.801479,139.944183,緯度経度は怪しい
千葉県,松戸市,54-3,金ケ作354-1,祖光院（入口横道路沿い）,35.8047969,139.9546112,
千葉県,松戸市,54-4,金ケ作249-2,市営金ケ作育苗園（南側道路沿い）,35.8076937,139.9531021,
千葉県,松戸市,54-5,金ケ作247-8,金ケ作こどもの遊び場（南側）,35.8089959,139.9522752,
千葉県,松戸市,54-6,常盤平1丁目1-1,つつじ公園（北側）,35.802704,139.947495,緯度経度は怪しい
千葉県,松戸市,54-7,常盤平1丁目23-2,ひまわり公園（南側）,35.8044565,139.9511701,
千葉県,松戸市,55-1,金ケ作304-26,金ケ作小学校東側（正門横）,35.8029394,139.9632533,
千葉県,松戸市,55-2,金ケ作301-8,masked,35.8016781,139.9643502,
千葉県,松戸市,55-3,金ケ作404-13,西ケ沢こどもの遊び場（鬼島園入口向前）,35.8026428,139.9600528,
千葉県,松戸市,55-4,金ケ作348-1,masked,35.805367,139.958557,緯度経度は怪しい
千葉県,松戸市,55-5,金ケ作279-4、282-30,社会福祉法人　ジョイまつど,35.8076595,139.9639088,
千葉県,松戸市,55-6,金ケ作348-1,masked,35.805367,139.958557,緯度経度は怪しい
千葉県,松戸市,55-7,金ケ作327-1,柴もとり石川園駐車場向前山林,35.806347,139.9602531,
千葉県,松戸市,55-8,金ケ作344-47,りんどう公園（東側）,35.8047116,139.957659,
千葉県,松戸市,56-1,五香6丁目25-3,北丘児童公園（西側）,35.8012798,139.9691305,
千葉県,松戸市,56-2,五香6丁目3-1,駐車場横脇前,35.7975286,139.9684701,
千葉県,松戸市,56-3,五香北丘団地浄水場フェンス,五香6丁目31-10地先,35.794498,139.968704,緯度経度は怪しい
千葉県,松戸市,56-4,五香6丁目25-3,北丘児童公園（北側）,35.8012798,139.9691305,
千葉県,松戸市,56-5,五香7-5-21,五香公会堂裏ブロック塀,35.79741070000001,139.9729248,
千葉県,松戸市,57-1,五香西1丁目6-1,第四中学校（東側）,35.7937539,139.9660226,
千葉県,松戸市,57-2,五香西1丁目1-2地先,五香駅西口第2輪場前ガードパイプ,35.7958195,139.9663487,
千葉県,松戸市,57-3,松飛台73-2,松飛台公園（西側）,35.78901,139.9654216,
千葉県,松戸市,57-4,五香西1丁目21,五香公園（南側）,35.7931989,139.966814,
千葉県,松戸市,57-5,五香西1丁目21,五香公園（北側）,35.7931989,139.966814,
千葉県,松戸市,57-6,五香西1丁目6-1,第四中学校（南側）,35.7937539,139.9660226,
千葉県,松戸市,57-7,松飛台73-2,松飛台公園（南側）,35.78901,139.9654216,
千葉県,松戸市,58-1,五香4丁目18-9,高木第二小学校（県道沿い）,35.7945468,139.9798831,
千葉県,松戸市,58-2,五香4丁目18-9,高木第二小学校（東側）,35.7945468,139.9798831,
千葉県,松戸市,58-3,五香8丁目44,OWL五香駐輪場前線地帯（くすのき通り沿い）,35.796745,139.9793167,
千葉県,松戸市,58-4,六高台8丁目163,六高台自転車置場前南側グリーンベルト,35.7980204,139.9799279,
千葉県,松戸市,58-5,五香5丁目9,ふれあい公園（北側）,35.7901411,139.9822023,
千葉県,松戸市,58-6,五香4丁目18-9,高木第二小学校（正門横）,35.7945468,139.9798831,
千葉県,松戸市,58-7,五香2丁目56,一文字公園,35.7952429,139.971943,
千葉県,松戸市,58-8,五香南2丁目4-4,元山1号線地内抱込み,35.7919947,139.9742153,
千葉県,松戸市,59-1,五香2-35-4,第二寺岡ハイマートフェンス,35.7955939,139.9720551,
千葉県,松戸市,59-2,五香7丁目52-1、52-4,北丘第2公園（東側）,35.798203,139.9742667,
千葉県,松戸市,59-3,五香1丁目29-2地先,主要地方道千葉鎌ケ谷松戸線沿い道路縁え込み（古宮梨園前）,35.7935763,139.9706353,
千葉県,松戸市,59-4,五香7丁目1地先,焼肉屋くいどん向ガードパイプ,35.7990071,139.9713018,
千葉県,松戸市,59-5,五香7丁目60番地先,masked,35.797493,139.975357,緯度経度は怪しい
千葉県,松戸市,59-6,五香7丁目52-1、52-4,北丘第2公園（南側）,35.798203,139.9742667,
千葉県,松戸市,59-7,五香8丁目11番地先,五香8丁目バス接続地帯,35.798397,139.976883,緯度経度は怪しい
千葉県,松戸市,60-1,六高台3丁目71,六実市民センター東側,35.7963698,139.9901916,
千葉県,松戸市,60-2,六高台3丁目102地先,キングファミリー向前グリーンベルト,35.7976972,139.9891134,
千葉県,松戸市,60-3,六高台3丁目141,六実第三小学校（東側）,35.7985435,139.9869067,
千葉県,松戸市,60-4,六高台3丁目79地先,クレスト六高台向前グリーンベルト,35.79729,139.9886153,
千葉県,松戸市,60-5,六高台1丁目126,ツタヤはる書店六高台店向前県道,35.794212,139.987015,緯度経度は怪しい
千葉県,松戸市,60-6,六高台1丁目100番地先,多目的広場歩道,35.7947675,139.9860918,
千葉県,松戸市,60-7,六高台3丁目141,六実第三小学校（南側）,35.7985435,139.9869067,
千葉県,松戸市,60-8,六高台1丁目20,六実第1公園（西側）,35.7952467,139.9834848,
千葉県,松戸市,61-1,六高台4丁目131,六実小学校西側(正門横),35.79792,139.9930243,
千葉県,松戸市,61-2,六高台4丁目131,六実小学校(南側),35.79792,139.9930243,
千葉県,松戸市,61-3,六高台4丁目143,篠並第9公団防災倉庫横,35.7976737,139.9924634,
千葉県,松戸市,61-4,六高台6丁目6番地先,メガネハット砂の町グリーンベルト,35.8018703,139.9872725,
千葉県,松戸市,61-5,六高台4丁目44,篠並第2公園(南側),35.799522,139.99147,緯度経度は怪しい
千葉県,松戸市,61-6,六高台6丁目106地先,六実高校入口バス停向前グリーンベルト,35.7995068,139.9892768,
千葉県,松戸市,61-7,六高台6丁目79,富士見公園(南側),35.8023678,139.9896678,
千葉県,松戸市,61-8,六高台9丁目69,masked,35.8048669,139.9884707,
千葉県,松戸市,62-1,六実2丁目1-1,六実稲荷社ブロック塀,35.7928373,139.9917218,
千葉県,松戸市,62-2,六実2丁目18,テニスコート(南側),35.7912919,139.9937461,
千葉県,松戸市,62-3,六実2丁目15,ゲートボール場南側向前グラウンド,35.7912919,139.9937461,
千葉県,松戸市,62-4,六実2丁目34-2,六実第二小学校(南側),35.7906112,139.9941249,
千葉県,松戸市,62-5,六実1丁目48,そよかぜ公園内植込み,35.7913546,139.9866913,
千葉県,松戸市,62-6,六実2丁目34-2,六実第二小学校(西側),35.7906112,139.9941249,
千葉県,松戸市,62-7,六実3丁目36-11,野口社旗畑,35.788967,139.9952192,
千葉県,松戸市,63-1,六高台3丁目141,六実第三小学校西側(正門横),35.7985435,139.9869067,
千葉県,松戸市,63-2,六高台3丁目142,六実中央公園(北側),35.799133,139.987564,緯度経度は怪しい
千葉県,松戸市,63-3,六高台7丁目120,masked,35.7997004,139.9861502,
千葉県,松戸市,63-4,六高台7丁目3地先,ゲートボール場前グリーンベルト,35.7967984,139.9836171,
千葉県,松戸市,63-5,六高台7丁目130地先,有料駐車場向前グリーンベルト,35.7997143,139.98605,
千葉県,松戸市,63-6,六高台7丁目145地先,masked,35.8022276,139.9863459,
千葉県,松戸市,63-7,六高台8丁目93,上瀬上公園(北側),35.7998412,139.9834848,
千葉県,松戸市,63-8,六高台8丁目163地先,ゲートボール場前グリーンベルト,35.7980204,139.9799279,
千葉県,松戸市,64-1,六実3丁目9-1,兵庫第2公園(南側),35.79377170000001,139.9969131,
千葉県,松戸市,64-2,六実4丁目12-6,オガールむつみ西側駐車場フェンス,35.7915945,139.9980158,
千葉県,松戸市,64-3,六実6丁目23-4,篠並第3号導水口フェンス,35.7967895,139.9988592,
千葉県,松戸市,64-4,六高台4丁目131,六実小学校東側,35.79792,139.9930243,
千葉県,松戸市,64-5,六実4丁目7,岩崎月極駐車場(西側),35.7923455,139.9985567,
千葉県,松戸市,64-6,六実4丁目7-2,六実駅第1自転車駐車場フェンス,35.7927099,139.9989672,
千葉県,松戸市,65-1,幸田206,小金北中学校東側(正門横),35.848606,139.924225,緯度経度は怪しい
千葉県,松戸市,65-2,幸田2丁目1,masked,35.8468804,139.925034,
千葉県,松戸市,65-3,幸田2丁目9,幸田第1公園(西側),35.8466114,139.9246078,
千葉県,松戸市,65-4,幸田4丁目9,幸田第2公園(西側),35.8443433,139.9273994,
千葉県,松戸市,65-5,幸田3丁目8,masked,35.8468069,139.9286335,
千葉県,松戸市,65-6,幸田5丁目9,幸田第3公園(南側),35.8438045,139.9296418,
千葉県,松戸市,65-7,幸田5丁目132地先,幸田バス停向前グリーンベルト,35.8431222,139.9274759,
千葉県,松戸市,66-1,殿平賀372,殿平賀小学校前(正門横),35.83733,139.926422,緯度経度は怪しい
千葉県,松戸市,66-2,大金平1丁目33-1,大倉稲荷地内通み,35.8357255,139.9251973,
千葉県,松戸市,66-3,平賀1-1,市営栗林駐輪場フェンス,35.8383979,139.9283047,
千葉県,松戸市,66-4,殿平賀35地点,東平賀公園(北側),35.837432,139.9285267,
千葉県,松戸市,66-5,東平賀12-1,masked,35.834755,139.931091,緯度経度は怪しい
千葉県,松戸市,66-6,殿平賀372,殿平賀小学校北別、公園向フェンス,35.83733,139.926422,緯度経度は怪しい
千葉県,松戸市,66-7,平賀135-4,谷川公園内北側フェンス,35.8424772,139.9309328,
千葉県,松戸市,66-8,東平賀651付近,富士川親水広場,35.8367029,139.9352902,
千葉県,松戸市,67-1,中金杉3丁目32,小金北小学校西側(正門横),35.839366,139.9235554,
千葉県,松戸市,67-2,大金平5丁目368-1地点,大金平大橋歩道ガードパイプ,35.8401678,139.9184706,
千葉県,松戸市,67-3,中金杉2丁目48,中金杉公園(南側),35.8409631,139.926118,
千葉県,松戸市,67-4,中金杉1丁目292,中金杉バス停停留所前グリーンベルト,35.8417578,139.9245164,
千葉県,松戸市,67-5,大金平5丁目349,丹桂橋松葉駐車場の前柵フェンス,35.83791,139.919891,緯度経度は怪しい
千葉県,松戸市,67-6,中金杉4丁目208,浅間公園(南側),35.8422222,139.9211231,
千葉県,松戸市,67-7,中金杉4丁目280,（有）大倉駐車場,35.84137,139.9206727,
千葉県,松戸市,67-8,中金杉3丁目32,小金北小学校(北側),35.839366,139.9235554,
千葉県,松戸市,68-1,大谷口字馬屋敷,大谷口字馬屋敷緑地(西側),35.833549,139.922699,緯度経度は怪しい
千葉県,松戸市,68-2,大谷口176,大谷口歴史公園(西側),35.833549,139.922699,緯度経度は怪しい
千葉県,松戸市,68-3,大金平3-153,大谷口大金平こどもの遊び場(西側),35.8361098,139.9197118,
千葉県,松戸市,68-4,新松戸1丁目103,下山公園(北側),35.83063990000001,139.9224243,
千葉県,松戸市,68-5,大谷口176,大谷口歴史公園(北側),35.833549,139.922699,緯度経度は怪しい
千葉県,松戸市,68-6,大谷口421-3地点,末城公園(北側),35.8333641,139.9203702,
千葉県,松戸市,68-7,大谷口字馬屋敷,大谷口字馬屋敷緑地,35.833549,139.922699,緯度経度は怪しい
千葉県,松戸市,69-1,幸谷1508-17,小金浄水場フェンス,35.825691,139.923447,緯度経度は怪しい
千葉県,松戸市,69-2,幸谷1551,あかつき公園線路側フェンス,35.825691,139.923447,緯度経度は怪しい
千葉県,松戸市,69-3,幸谷154地点,masked,35.8242269,139.9251571,
千葉県,松戸市,69-4,小金上総町1-6,山王公園(南側),35.827347,139.928299,緯度経度は怪しい
千葉県,松戸市,69-5,幸谷930-1地点,シティコート新松戸弐番館横空地,35.8242269,139.9251571,
千葉県,松戸市,69-6,幸谷1551,あかつき公園(西側),35.825691,139.923447,緯度経度は怪しい
千葉県,松戸市,69-7,幸谷1504-9地点,ライオンズ新松戸弐番館前ガードレール,35.825691,139.923447,緯度経度は怪しい
千葉県,松戸市,69-8,二ツ木351-4,masked,35.8219422,139.9291785,
千葉県,松戸市,70-1,小金110番地,駐車場フェンス,35.8297082,139.9324613,
千葉県,松戸市,70-2,小金443-16,北小金第一駐輪場前フェンス,35.8330032,139.9308131,
千葉県,松戸市,70-3,小金清志町3丁目3,駐車場西側土手,35.8306561,139.9297852,
千葉県,松戸市,70-4,小金1,北小金駅南口歩行者用デッキフェンス(ピコティ東館向前),35.8330501,139.9316941,
千葉県,松戸市,70-5,小金5-2,北小金駅南口ロータリー植込み(ピコティ側),35.8293981,139.9309232,
千葉県,松戸市,70-6,小金きよしヶ丘1丁目7-3,JAところかつ中央、小金支店駐車場フェンス,35.8322121,139.9335602,
千葉県,松戸市,70-7,小金382-1,東新寺南側駐車場フェンス,35.82799850000001,139.9300823,
千葉県,松戸市,71-1,小金きよしヶ丘3丁目1-1,小金市民センター（北側）,35.8285367,139.9337901,
千葉県,松戸市,71-2,小金きよしヶ丘2丁目12-1,清ヶ丘小金公園(北側),35.8302966,139.9360492,
千葉県,松戸市,71-3,小金きよしヶ丘3丁目22-5,龍花塚公園(西側),35.825569,139.934402,緯度経度は怪しい
千葉県,松戸市,71-4,二ツ木二葉町198-23,二葉公園フェンス,35.823089,139.9335878,
千葉県,松戸市,71-5,小金きよしヶ丘5丁目7-2,久保平賀公園(北側),35.8243989,139.9363695,
千葉県,松戸市,71-6,二ツ木二葉町203-1,二ツ木公園南側（コーポサンライズ斜向前）,35.8222198,139.9358753,
千葉県,松戸市,71-7,小金きよしヶ丘3丁目13,小金きよしヶ丘雨水貯留池フェンス,35.8274897,139.9347676,
千葉県,松戸市,72-1,東平賀485地先,masked,35.835243,139.934021,緯度経度は怪しい
千葉県,松戸市,72-2,久保平賀274-8,つくみ公園(南側),35.82947110000001,139.9392029,
千葉県,松戸市,72-3,根木内85-3付近,根木内歴史公園駐車場,35.8321239,139.9416161,
千葉県,松戸市,72-4,東平賀536地先,タウンショップ石田屋向前水路フェンス（平賀川）,35.8332701,139.9370069,
千葉県,松戸市,72-5,東平賀583-1,境町公園（西側）,35.8347741,139.9370753,
千葉県,松戸市,72-6,小金きよしヶ丘1丁目10-1,一ツ橋公園（北側）,35.8331313,139.9338065,
千葉県,松戸市,72-7,東平賀500番地先,大道工業斜向前水路フェンス(平賀川),35.8316669,139.9375403,
千葉県,松戸市,73-1,小金原1丁目30,根木内中学校南側(正門横),35.824944,139.9416873,
千葉県,松戸市,73-2,小金原1丁目30,根木内中学校（東側）,35.824944,139.9416873,
千葉県,松戸市,73-3,小金原1丁目25,ユーガリ交通公園（西側）,35.8244079,139.9401797,
千葉県,松戸市,73-4,小金原1丁目20-6,masked,35.8276213,139.9403545,
千葉県,松戸市,73-5,根木内299-3,ウォッツアイランド小金原前空地,35.8290927,139.943098,
千葉県,松戸市,73-6,小金原1丁目25,ユーガリ交通公園（東側）,35.8244079,139.9401797,
千葉県,松戸市,73-7,根木内535-5付近,宮の後第２公園,35.8265014,139.9463556,
千葉県,松戸市,74-1,小金原2丁目3,根木内小学校(正門横),35.8240582,139.9463023,
千葉県,松戸市,74-2,小金原2丁目4,つばめ公園(北側),35.8240582,139.9463023,
千葉県,松戸市,74-3,小金原2丁目10,やまばと公園(南側),35.8240582,139.9463023,
千葉県,松戸市,74-4,小金原3丁目18,小金原団地(3-18-10号棟西側),35.8230466,139.9479517,
千葉県,松戸市,74-5,小金原3丁目1-37,万満寺南側駐車場,35.8209803,139.9437409,
千葉県,松戸市,74-6,小金原3丁目18,小金原団地(3-18-48号棟南側),35.8230466,139.9479517,
千葉県,松戸市,74-7,小金原2丁目3,根木内小学校(南側),35.8240582,139.9463023,
千葉県,松戸市,75-1,小金原4丁目5,めじろ公園西側(コアラ保育所前),35.822422,139.93808,緯度経度は怪しい
千葉県,松戸市,75-2,小金原1丁目25,ユーガリ交通公園(南側),35.8244079,139.9401797,
千葉県,松戸市,75-3,八ヶ崎1丁目42,八光台児童公園(西側),35.8191897,139.9348486,
千葉県,松戸市,75-4,小金原4丁目16-1,ヒレジンハウス東ゲ沢宿舎フェンス(南側),35.8195147,139.9378542,
千葉県,松戸市,75-5,小金原4丁目33-1,松戸市役所資材置場(西側),35.82148979999999,139.940495,
千葉県,松戸市,75-6,小金原4丁目32,からす公園(北側),35.821183,139.9405347,
千葉県,松戸市,75-7,小金原4丁目5,めじろ公園東側,35.822422,139.93808,緯度経度は怪しい
千葉県,松戸市,76-1,小金原6丁目6-2,小金原支所(東側),35.8190064,139.9443397,
千葉県,松戸市,76-2,小金原6丁目4-2,小金保育所(東側),35.8187977,139.9461721,
千葉県,松戸市,76-3,小金原5丁目35,うぐいす公園入口(久前土手),35.8165915,139.9405347,
千葉県,松戸市,76-4,小金原5丁目35,masked,35.8165915,139.9405347,
千葉県,松戸市,76-5,小金原5丁目14,すずめ公園(北側),35.8165915,139.9405347,
千葉県,松戸市,76-6,小金原5丁目43,masked,35.8165915,139.9405347,
千葉県,松戸市,76-7,小金原5丁目21地先,グリーンベルト帯,35.8165915,139.9405347,
千葉県,松戸市,76-8,小金原6丁目13,小金原吐給水場(北側),35.81883,139.9475841,
千葉県,松戸市,77-1,小金原6丁目13,小金原向地6-13-18東東側,35.81883,139.9475841,
千葉県,松戸市,77-2,小金原6丁目13,小金原向地6-13-27号東西側,35.81883,139.9475841,
千葉県,松戸市,77-3,小金原6丁目10,小金原公園(西側),35.81883,139.9475841,
千葉県,松戸市,77-4,小金原6丁目10,小金原公園(北側),35.81883,139.9475841,
千葉県,松戸市,77-5,小金原6丁目13,小金原団地6-13-1号棟北側,35.81883,139.9475841,
千葉県,松戸市,77-6,小金原6丁目10,小金原公園(南側),35.81883,139.9475841,
千葉県,松戸市,78-1,小金原7丁目16,栗ケ沢小学校東側(正門横),35.8156857,139.9484253,
千葉県,松戸市,78-2,小金原7丁目30,かもめ公園(北側),35.815781,139.952148,緯度経度は怪しい
千葉県,松戸市,78-3,小金原7丁目15,ペンギン公園(西側),35.8150677,139.948225,
千葉県,松戸市,78-4,小金原7丁目1,小金原団地7-1-19号棟西側,35.815544,139.945831,緯度経度は怪しい
千葉県,松戸市,78-5,小金原7丁目34地先,柚安交差点付近グリーンベルト,35.813854,139.951385,緯度経度は怪しい
千葉県,松戸市,78-6,小金原7丁目30,かもめ公園(南側),35.815781,139.952148,緯度経度は怪しい
千葉県,松戸市,78-7,小金原7丁目16,masked,35.8156857,139.9484253,
千葉県,松戸市,79-1,小金原9丁目25,栗ケ沢中学校(北側),35.8114307,139.9463023,
千葉県,松戸市,79-2,小金原9丁目25,栗ケ沢中学校(東側),35.8114307,139.9463023,
千葉県,松戸市,79-3,小金原9丁目12,ひばり公園(北側),35.8114307,139.9463023,
千葉県,松戸市,79-4,小金原9丁目14,東菅沼バス停前グリーンベルト,35.8114307,139.9463023,
千葉県,松戸市,79-5,小金原9丁目3,さくら通りグリーンベルト(田中屋ストアー向前),35.811447,139.942764,緯度経度は怪しい
千葉県,松戸市,79-6,栗ケ沢784-17,松戸特別支援学校(南側),35.8102688,139.9566256,
千葉県,松戸市,80-1,小金原8丁目10,貝の花小学校北側(正門横),35.8133407,139.9424572,
千葉県,松戸市,80-2,小金原8丁目10,貝の花小学校(東側),35.8133407,139.9424572,
千葉県,松戸市,80-3,小金原8丁目10,貝の花小学校西側ガードレール,35.8133407,139.9424572,
千葉県,松戸市,80-4,小金原8丁目12,貝の花バス停前グリーンベルト(鉄塔横),35.8133407,139.9424572,
千葉県,松戸市,80-5,小金原8丁目26,栗ケ沢公園(南側),35.8135572,139.9442608,
千葉県,松戸市,80-6,小金原8丁目26,栗ケ沢公園(東側),35.8135572,139.9442608,
千葉県,松戸市,80-7,小金原8丁目26,栗ケ沢公園(西側),35.8135572,139.9442608,
千葉県,松戸市,80-8,小金原8丁目14,貝の花公園(西側),35.8133407,139.9424572,
千葉県,松戸市,81-1,八ケ崎3丁目3-1,八ケ崎第二小学校(北側正門横),35.8153314,139.9352322,
千葉県,松戸市,81-2,八ケ崎3丁目5-3地先,八ケ崎第二小学校南側南フェンス,35.815224,139.935974,緯度経度は怪しい
千葉県,松戸市,81-3,"八ケ崎2丁目14-2,14-3",nan,35.8144444,139.9338031,
千葉県,松戸市,81-4,八ケ崎3丁目23,貝の花第2公園(東側),35.812798,139.93808,緯度経度は怪しい
千葉県,松戸市,81-5,八ケ崎2丁目38-1地先,長豊寺向かいガードレール(第1八ケ崎ご線道路橋横),35.813152,139.931213,緯度経度は怪しい
千葉県,松戸市,81-6,八ケ崎8丁目25-21地先,masked,35.8146594,139.9285706,
千葉県,松戸市,81-7,八ケ崎緑町279,南谷公園(北側),35.8169946,139.9293214,
千葉県,松戸市,81-8,八ケ崎8丁目1,道合第1公園(東側),35.814285,139.924805,緯度経度は怪しい
千葉県,松戸市,82-1,"馬橋2048-1,2048-4",第三中学校(北側),35.809326,139.925064,緯度経度は怪しい
千葉県,松戸市,82-2,馬橋2030,第三中学校(西側),35.812416,139.920776,緯度経度は怪しい
千葉県,松戸市,82-3,八ケ崎7丁目20,道合第2公園(東側),35.8111589,139.9283604,
千葉県,松戸市,82-4,馬橋3073地先,パーキング平野前フェンス,35.811241,139.922699,緯度経度は怪しい
千葉県,松戸市,82-5,馬橋2945,馬橋第2公園(南側),35.8118851,139.924572,
千葉県,松戸市,82-6,八ケ崎6丁目53,八ケ崎小学校(南側),35.8082267,139.9296418,
千葉県,松戸市,82-7,八ケ崎6丁目54,八ケ崎公園(北側),35.8082267,139.9296418,
千葉県,松戸市,82-8,馬橋2100-1,第三中学校(東側),35.809326,139.925064,緯度経度は怪しい
千葉県,松戸市,83-1,八ケ崎5丁目15-1地先,八ケ崎市民センター(西側),35.8087274,139.9347847,
千葉県,松戸市,83-2,八ケ崎5丁目13,和田公園(東側),35.808273,139.933411,緯度経度は怪しい
千葉県,松戸市,83-3,八ケ崎5丁目1地先,masked,35.810146,139.932663,緯度経度は怪しい
千葉県,松戸市,83-4,八ケ崎5丁目35,中環公園(西側),35.806648,139.936584,緯度経度は怪しい
千葉県,松戸市,83-5,八ケ崎4丁目13,masked,35.810022,139.9398939,
千葉県,松戸市,83-6,八ケ崎4丁目50-2,松戸市消防訓練センター西側(松戸東警察署バス停後ろ),35.810376,139.9412757,
千葉県,松戸市,83-7,八ケ崎4丁目13,masked,35.810022,139.9398939,
千葉県,松戸市,84-1,中和倉590-1,県立松戸高等学校(北側),35.8020416,139.9266386,
千葉県,松戸市,84-2,中和倉590-1,masked,35.8020416,139.9266386,
千葉県,松戸市,84-3,中和倉134,中和倉公園(北側),35.8081141,139.9242712,
千葉県,松戸市,84-4,中和倉134,中和倉公園(南側),35.8081141,139.9242712,
千葉県,松戸市,84-5,中和倉590-1,県立松戸高校西側(県立松高前バス停後ろ),35.8020416,139.9266386,
千葉県,松戸市,84-6,八ケ崎6丁目47-1地先,八ケ崎消防署前南水路フェンス,35.8063533,139.9301852,
千葉県,松戸市,84-7,八ケ崎6丁目32-18地先,テラスクリエイト向前フェンス,35.8077186,139.925293,
千葉県,松戸市,85-1,馬橋1934,馬橋東市民センター裏水路フェンス,35.8088951,139.9206087,
千葉県,松戸市,85-2,中根457,妙見神社(南側),35.8072764,139.9180544,
千葉県,松戸市,85-3,中根39-1,馬橋駅東口高架下自転車駐車場フェンス,35.8090216,139.9172795,
千葉県,松戸市,85-4,新作1163,殿山公園(南側)駐車場向側,35.80538250000001,139.9172946,
千葉県,松戸市,85-5,中和倉179-1,エミネンス駐車場向水路フェンス,35.8057214,139.9213068,
千葉県,松戸市,85-6,新作608,新作子供の遊び場(南側),35.803066,139.920563,緯度経度は怪しい
千葉県,松戸市,85-7,新作642地先,カツシカ紙工前水路フェンス(長津川),35.802109,139.919037,緯度経度は怪しい
千葉県,松戸市,86-1,馬橋1783,王子神社（西側）,35.8130059,139.9188241,
千葉県,松戸市,86-2,馬橋2515-1,京成バス折り返し駐車場（東側）,35.8125688,139.9207715,
千葉県,松戸市,86-3,馬橋3122,寺田公園（北側）,35.8141122,139.9202823,
千葉県,松戸市,86-4,"馬橋2736-1, 2739-1",笹西工務店北側畑,35.812999,139.9200321,
千葉県,松戸市,86-5,馬橋2276地先,商栄自動車横水路フェンス,35.8103744,139.9209961,
千葉県,松戸市,86-6,中根18-4地先,馬橋駅東口高架下自転車駐車場向前ガードレール,35.807703,139.9168291,
千葉県,松戸市,86-7,馬橋3122,masked,35.8141122,139.9202823,
千葉県,松戸市,86-8,幸谷212-2,幸谷小学校（北側）,35.8218424,139.9239387,
千葉県,松戸市,87-1,幸谷212-2,幸谷小学校（北側）,35.8218424,139.9239387,
千葉県,松戸市,87-2,ニツ木1408-2地先,セジュールフォレスト向前水路フェンス,35.7876663,139.9033248,
千葉県,松戸市,87-3,三ケ月1248,鳥谷台公園（北側）,35.81953,139.921021,緯度経度は怪しい
千葉県,松戸市,87-4,ニツ木1326地先,masked,35.7876663,139.9033248,
千葉県,松戸市,87-5,ニツ木1919地先,masked,35.7876663,139.9033248,
千葉県,松戸市,87-6,ニツ木1917地先,鉄塔通り下グリーンベルト（コモディイイダ向前）,35.7876663,139.9033248,
千葉県,松戸市,87-7,ニケ町1510,masked,35.7876663,139.9033248,
千葉県,松戸市,87-8,幸谷212-2,幸谷小学校（西側）,35.8218424,139.9239387,
千葉県,松戸市,88-1,新松戸3丁目27,新松戸支所南側植込み,35.8263695,139.9128861,
千葉県,松戸市,88-2,新松戸3丁目74,さざんか公園（南側）,35.825321,139.914246,緯度経度は怪しい
千葉県,松戸市,88-3,新松戸3丁目2-2,イオンフードスタイル新松戸店南側駐車場出入口横フェンス,35.8251874,139.9157082,
千葉県,松戸市,88-4,新松戸3丁目2-2地先,イオンフードスタイル新松戸店歩道,35.8251874,139.9157082,
千葉県,松戸市,88-5,新松戸3丁目328-1,新松戸南パークハウス（管理センター前植込み）,35.82206350000001,139.9153585,
千葉県,松戸市,88-6,新松戸3丁目351,やなぎ公園（北側）,35.821651,139.917694,緯度経度は怪しい
千葉県,松戸市,88-7,幸谷12地先,新松戸駅前大橋ガードレール,35.8238856,139.9303582,
千葉県,松戸市,88-8,新松戸2丁目66,新松戸第2公園（西側）,35.8221587,139.9196866,
千葉県,松戸市,89-1,新松戸7丁目192番地の1,市民交流会館（運動施設）（北側）,35.830768,139.9053945,
千葉県,松戸市,89-2,新松戸4丁目256地先,新松戸市民第3駐車場駐車場フェンス,35.8273045,139.9183656,
千葉県,松戸市,89-3,新松戸7丁目192番地の1,市民交流会館（運動施設）（南側）,35.830768,139.9053945,
千葉県,松戸市,89-4,新松戸4丁目32-1地先,新坂川（新松戸東パークハウス東側道路縁地帯）,35.8280578,139.919583,
千葉県,松戸市,89-5,新松戸5丁目22地先,masked,35.8292677,139.9103402,
千葉県,松戸市,89-6,新松戸5丁目234,masked,35.8319512,139.9090216,
千葉県,松戸市,89-7,新松戸1丁目32,新松戸第一公園（西側）,35.8317676,139.9251194,
千葉県,松戸市,89-8,新松戸4丁目290地先,とちのき公園（南側）,35.8292071,139.9146541,
千葉県,松戸市,90-1,新松戸北2丁目16-10,小金中学校（東側）,35.83211430000001,139.9131607,
千葉県,松戸市,90-2,横須賀1丁目5-1,横須賀中央公園（南側）,35.8339278,139.9141368,
千葉県,松戸市,90-3,横須賀1丁目5-1,横須賀中央公園（北側）,35.8339278,139.9141368,
千葉県,松戸市,90-4,新松戸北1丁目9,魚の下公園（西側）,35.8311672,139.9181103,
千葉県,松戸市,90-5,"横須賀1丁目4-31,32",小金城址駅前広場ガードレール,35.8347335,139.915548,
千葉県,松戸市,90-6,横須賀1丁目26-8,北道公園（南側）,35.8366176,139.9141113,
千葉県,松戸市,90-7,横須賀2丁目12,大流公園（西側）,35.8356167,139.9091429,
千葉県,松戸市,90-8,新松戸1丁目103,下山公園（南側）,35.83063990000001,139.9224243,
千葉県,松戸市,91-1,小金1180,新松戸西小学校正門横,35.8254638,139.9030074,
千葉県,松戸市,91-2,新松戸7丁目79,あじさい公園（東側）,35.8275485,139.9024251,
千葉県,松戸市,91-3,新松戸7丁目63,こぶし公園（バス停前）,35.8290577,139.9017253,
千葉県,松戸市,91-4,新松戸7丁目192-1地先,市民交流会館（東側）,35.830768,139.9053945,
千葉県,松戸市,91-5,新松戸7丁目189,あおぞら公園（南側）,35.8298097,139.9046597,
千葉県,松戸市,91-6,新松戸7丁目130,こぶし公園（北側）,35.829582,139.899658,緯度経度は怪しい
千葉県,松戸市,91-7,新松戸7丁目357,あかしあ公園（東側）,35.830715,139.904678,緯度経度は怪しい
千葉県,松戸市,91-8,主水新田30-1地先,主水新田集会所前水路フェンス,35.8242658,139.8937933,
千葉県,松戸市,92-1,新松台6丁目301,新松戸南小学校（東側）,35.828964,139.921585,緯度経度は怪しい
千葉県,松戸市,92-2,新松台6丁目271,もくれん公園（西側）,35.828964,139.921585,緯度経度は怪しい
千葉県,松戸市,92-3,新松台6丁目192地先,きょうちくとう通りグリーンベルト（アーバン立花コーポ前）,35.828964,139.921585,緯度経度は怪しい
千葉県,松戸市,92-4,新松台南3丁目9,けやき公園（西側）,35.828964,139.921585,緯度経度は怪しい
千葉県,松戸市,92-5,新松台6丁目22,新松戸中央公園（南側）,35.828964,139.921585,緯度経度は怪しい
千葉県,松戸市,92-6,新松台5丁目196,小鳥のくる公園（南側）,35.828964,139.921585,緯度経度は怪しい
千葉県,松戸市,92-7,新松台6丁目22,新松戸中央公園（北側）,35.828964,139.921585,緯度経度は怪しい
千葉県,松戸市,92-8,新松台6丁目301,新松戸南小学校（南側）,35.828964,139.921585,緯度経度は怪しい
千葉県,松戸市,93-1,新松戸南2丁目1,馬橋北小学校西側（正門横）,35.8219839,139.9124003,
千葉県,松戸市,93-2,新松戸南2丁目1,馬橋北小学校（東側）,35.8219839,139.9124003,
千葉県,松戸市,93-3,新松戸南2丁目9,新松戸南公園（南側）,35.8212119,139.9104238,
千葉県,松戸市,93-4,新松戸南2丁目124,新松戸南中学校（北側）,35.8214665,139.9088984,
千葉県,松戸市,93-5,新松戸南2丁目124,新松戸南中学校（西側）,35.8214665,139.9088984,
千葉県,松戸市,93-6,新松戸南1丁目9,しらかば公園（東側）,35.819816,139.915548,
千葉県,松戸市,93-7,新松戸南3丁目246,クリエイト新松戸南店前水路フェンス,35.8196341,139.9073581,
千葉県,松戸市,94-1,西馬橋蔵元町177,馬橋市民センター入口フェンス,35.8138768,139.9124855,
千葉県,松戸市,94-2,西馬橋広手町9,広田公園（西側）,35.8131441,139.9081821,
千葉県,松戸市,94-3,西馬橋相川町9,相川公園（北側）,35.8151182,139.9086518,
千葉県,松戸市,94-4,西馬橋相川町4-1地先,サンライズ通り緑地帯（はすだ橋バス停前）,35.8145476,139.9088226,
千葉県,松戸市,94-5,西馬橋広手町123,馬橋保育所（南側）,35.8136712,139.9066947,
千葉県,松戸市,94-6,西馬橋相川町168地先,第2学校児ハイツ向前水路フェンス,35.8147829,139.906651,
千葉県,松戸市,94-7,西馬橋相川町9,相川公園（南側）,35.8151182,139.9086518,
千葉県,松戸市,95-1,西馬橋1丁目12-1,馬橋小学校北側（正門横）,35.8160256,139.9143544,
千葉県,松戸市,95-2,西馬橋1丁目34-3,岩崎子供の遊び場（西側）,35.816959,139.9154605,
千葉県,松戸市,95-3,西馬橋蔵元町9,中道公園（南側）,35.8134071,139.9145872,
千葉県,松戸市,95-4,西馬橋蔵元町9,西ノ下公園（南側）,35.8134071,139.9145872,
千葉県,松戸市,95-5,西馬橋蔵元町42,馬橋駅西ロータリー（噴水前）,35.8134071,139.9145872,
千葉県,松戸市,95-6,西馬橋蔵元町9,西ノ下公園（北側）,35.8134071,139.9145872,
千葉県,松戸市,95-7,西馬橋2丁目5地先,安養駐車場前ガードパイプ,35.8181841,139.9107441,
千葉県,松戸市,95-8,西馬橋1丁目12-3,馬橋小学校（東側）,35.8154756,139.9139967,
千葉県,松戸市,96-1,北松戸一丁目5-10地先,プロムナード北松戸1号棟東側向かいガードレール,35.8039092,139.9131358,
千葉県,松戸市,96-2,新作134-5,新坂川フェンス（プロムナード北松戸1号棟西側）,35.804457,139.9140041,
千葉県,松戸市,96-3,中根115-6地先,新坂川フェンス（プロムナード北松戸4号棟公園前）,35.806881,139.9154701,
千葉県,松戸市,96-4,中根長津町89,中根公園（南側）,35.8096114,139.9129859,
千葉県,松戸市,96-5,新作111地先,宝酒造㈱向前水路フェンス,35.8071859,139.9101081,
千葉県,松戸市,96-6,中根長津町219地先,キリスト教会向前水路フェンス,35.8091493,139.911198,
千葉県,松戸市,96-7,西馬橋幸町4-13,馬橋立体入口交差点付近グリーンベルト,35.8114298,139.9139467,
